{"cameraMode":{"drawMode":0,"name":"Shaded","section":"Shading Mode"},"sceneLighting":true,"audioPlay":false,"sceneViewState":{"showFog":true,"showMaterialUpdate":false,"showSkybox":true,"showFlares":true,"showImageEffects":true,"showParticleSystems":true},"in2DMode":false,"pivot":{"x":23.20478630065918,"y":-35.06098937988281,"z":-86.14839172363281},"rotation":{"x":0.15529800951480866,"y":0.29580703377723696,"z":-0.048785410821437839,"w":0.9413278698921204},"size":46.139522552490237,"orthographic":false}