{"cameraMode":{"drawMode":0,"name":"Shaded","section":"Shading Mode"},"sceneLighting":false,"audioPlay":false,"sceneViewState":{"showFog":true,"showMaterialUpdate":false,"showSkybox":false,"showFlares":true,"showImageEffects":true,"showParticleSystems":true},"in2DMode":false,"pivot":{"x":-1.5899999141693116,"y":0.11000007390975952,"z":-11.720000267028809},"rotation":{"x":0.01685580424964428,"y":-0.9583678841590881,"z":0.27921709418296816,"w":0.05782748758792877},"size":22.226070404052736,"orthographic":false}