{"cameraMode":{"drawMode":0,"name":"Shaded","section":"Shading Mode"},"sceneLighting":true,"audioPlay":false,"sceneViewState":{"showFog":true,"showMaterialUpdate":false,"showSkybox":true,"showFlares":true,"showImageEffects":true,"showParticleSystems":true},"in2DMode":false,"pivot":{"x":3.7694473266601564,"y":1.1141200065612794,"z":-2.7462992668151857},"rotation":{"x":0.22701813280582429,"y":0.4838957190513611,"z":-0.13158167898654939,"w":0.8348734378814697},"size":19.4680118560791,"orthographic":false}