{"cameraMode":{"drawMode":0,"name":"Shaded","section":"Shading Mode"},"sceneLighting":true,"audioPlay":false,"sceneViewState":{"showFog":true,"showMaterialUpdate":false,"showSkybox":true,"showFlares":true,"showImageEffects":true,"showParticleSystems":true},"in2DMode":false,"pivot":{"x":-8.989335060119629,"y":2.947662830352783,"z":4.198751926422119},"rotation":{"x":-0.061398815363645557,"y":0.04551981762051582,"z":-0.002793699037283659,"w":-0.9970917105674744},"size":9.290313720703125,"orthographic":false}