{"cameraMode":{"drawMode":0,"name":"Shaded","section":"Shading Mode"},"sceneLighting":true,"audioPlay":false,"sceneViewState":{"showFog":true,"showMaterialUpdate":false,"showSkybox":true,"showFlares":true,"showImageEffects":true,"showParticleSystems":true},"in2DMode":false,"pivot":{"x":3.2170557975769045,"y":2.2954769134521486,"z":-0.9379334449768066},"rotation":{"x":0.18287193775177003,"y":0.40772226452827456,"z":-0.083711177110672,"w":0.8906915783882141},"size":10.512198448181153,"orthographic":false}