{"cameraMode":{"drawMode":0,"name":"Shaded","section":"Shading Mode"},"sceneLighting":true,"audioPlay":false,"sceneViewState":{"showFog":true,"showMaterialUpdate":false,"showSkybox":true,"showFlares":true,"showImageEffects":true,"showParticleSystems":true},"in2DMode":false,"pivot":{"x":2.844728469848633,"y":-8.735032081604004,"z":-58.34214782714844},"rotation":{"x":0.11942566931247711,"y":-0.847858190536499,"z":0.21557404100894929,"w":0.46954700350761416},"size":24.58803367614746,"orthographic":false}